{
  "application_overview": {
    "name": "RoadSide+ Multi-Tenant Platform",
    "type": "Cross-Platform Emergency Services Application",
    "deployment_model": "White-Label SaaS",
    "target_platforms": [
      "iOS",
      "Android",
      "Web",
      "Desktop"
    ]
  },
  "frontend_architecture": {
    "framework": "React Native with Expo SDK 52",
    "ui_library": "NativeWind + Tailwind CSS",
    "state_management": "Redux Toolkit + RTK Query",
    "navigation": "React Navigation 6 + File-based routing",
    "real_time": "Socket.io Client",
    "maps": "React Native Maps + Google Maps SDK",
    "animations": "React Native Reanimated 3",
    "testing": "Jest + React Native Testing Library + Detox"
  },
  "backend_architecture": {
    "primary_backend": "Supabase (PostgreSQL + Real-time + Auth + Storage)",
    "microservices": {
      "user_service": "Node.js + Express + TypeScript",
      "location_service": "Node.js + Socket.io + Redis",
      "payment_service": "Node.js + Stripe API",
      "notification_service": "Node.js + FCM + SNS",
      "analytics_service": "Python + FastAPI + TimescaleDB"
    },
    "message_queue": "Redis + Bull Queue",
    "file_storage": "Supabase Storage + CloudFront CDN",
    "cache": "Redis Cluster"
  },
  "panels_and_dashboards": {
    "customer_panel": {
      "features": [
        "Service Booking System",
        "Real-time Tracking",
        "Payment Management",
        "Service History",
        "Emergency SOS Button",
        "Profile Management"
      ],
      "access_levels": [
        "Guest",
        "Registered User",
        "Premium Member"
      ]
    },
    "technician_panel": {
      "features": [
        "Job Management",
        "Earnings Dashboard",
        "Navigation Integration",
        "Customer Communication",
        "Status Management",
        "Performance Analytics"
      ],
      "access_levels": [
        "Basic Technician",
        "Premium Technician",
        "Lead Technician"
      ]
    },
    "admin_panel": {
      "features": [
        "User Management",
        "System Analytics",
        "Financial Reports",
        "Service Monitoring",
        "Configuration Management",
        "Emergency Operations"
      ],
      "access_levels": [
        "Admin",
        "Super Admin",
        "System Admin"
      ]
    },
    "partner_panel": {
      "features": [
        "Partner Onboarding",
        "Performance Metrics",
        "Billing Integration",
        "Service Territory Management",
        "Communication Tools",
        "Quality Monitoring"
      ],
      "access_levels": [
        "Partner",
        "Partner Admin",
        "Regional Manager"
      ]
    },
    "security_company_panel": {
      "features": [
        "Emergency Response Management",
        "Threat Detection",
        "Real-time Monitoring",
        "Alert Management",
        "Incident Reporting",
        "Compliance Tracking"
      ],
      "access_levels": [
        "Security Officer",
        "Security Admin",
        "Operations Manager"
      ]
    }
  },
  "white_label_features": {
    "branding_customization": [
      "Custom Logo and Colors",
      "Domain-based Routing",
      "Custom App Icons",
      "Branded Email Templates",
      "Custom Splash Screens"
    ],
    "feature_configuration": [
      "Service Type Configuration",
      "Pricing Model Setup",
      "Payment Gateway Selection",
      "Geographic Coverage",
      "Language Localization"
    ],
    "tenant_isolation": [
      "Database Schema Separation",
      "API Key Management",
      "Data Encryption",
      "User Access Controls",
      "Audit Logging"
    ]
  },
  "security_compliance": {
    "data_protection": [
      "GDPR",
      "CCPA",
      "PIPEDA"
    ],
    "security_standards": [
      "SOC 2 Type II",
      "ISO 27001",
      "PCI DSS"
    ],
    "encryption": [
      "AES-256",
      "TLS 1.3",
      "JWT with RS256"
    ],
    "monitoring": [
      "SIEM",
      "Penetration Testing",
      "Vulnerability Scanning"
    ]
  }
}