Category,Task,Status,Owner,Priority
Infrastructure,Set up production databases,Pending,DevOps,High
Infrastructure,Configure CDN and load balancers,Pending,DevOps,High
Security,SSL certificate installation,Pending,Security,Critical
Security,Security audit and penetration testing,Pending,Security,Critical
Mobile,iOS App Store submission,Pending,Mobile Team,High
Mobile,Android Play Store submission,Pending,Mobile Team,High
Backend,API documentation completion,Pending,Backend,Medium
Backend,Database migration scripts,Pending,Backend,High
Monitoring,Error tracking setup (Sentry),Pending,DevOps,High
Monitoring,Performance monitoring setup,Pending,DevOps,Medium
Testing,Load testing completion,Pending,QA,High
Testing,Cross-platform compatibility testing,Pending,QA,High
Compliance,GDPR compliance verification,Pending,Legal,Critical
Compliance,PCI DSS compliance audit,Pending,Security,Critical
Documentation,User documentation,Pending,Product,Medium
Documentation,Admin training materials,Pending,Product,Medium
