Category,Option 1,Option 2,Option 3,Recommendation,Reason
Frontend Framework,React Native + Expo,Flutter,Xamarin,React Native + Expo,"Better ecosystem, faster development, easier maintenance"
Backend as a Service,Supabase,Firebase,AWS Amplify,Supabase,"SQL support, better pricing, open source, PostgreSQL"
State Management,Redux Toolkit,Zustand,MobX,Redux Toolkit,"Best DevTools, predictable, large ecosystem"
Real-time Communication,Socket.io,WebRTC,WebSockets,Socket.io,"Reliability, fallback support, room management"
Payment Processing,Stripe,PayPal,Square,Stripe,"Best API, global support, subscription handling"
Maps Integration,Google Maps,Mapbox,Apple Maps,Google Maps,"Better coverage, reliable routing, extensive APIs"
CI/CD Platform,GitHub Actions,EAS Workflows,Bitrise,EAS Workflows,"React Native optimized, Expo integration, easier setup"
Monitoring,Sentry,Bugsnag,LogRocket,Sentry,"Comprehensive error tracking, performance monitoring"
